{
  "2015-2016": 0.103912375,
  "2017-2019": 0.0734042222222222,
  "2020": 0.048574833333333324
}